symbol,kind,t_forecast,S0,band,p_up,S1,move,inside,dir_hit,scale_after
MU,next5m_range_direction,2026-09-29T11:28:17-04:00,1064.5550537109375,0.001596280493528,0.4967409889137297,1065.1199951171875,0.0005306831283931,1,0,0.93912
MU,next5m_range_direction,2026-09-29T11:33:18-04:00,1065.1199951171875,0.0015626751763555,0.4830117406281453,1065.6099853515625,0.0004600328945294,1,0,0.96917184
MU,next5m_range_direction,2026-09-29T11:39:21-04:00,1065.5150146484375,0.0015712635566674,0.5047890544549434,1065.6400146484375,0.0001173141610222,1,1,0.825704
MU,next5m_range_direction,2026-09-29T11:44:28-04:00,1065.6400146484375,0.0015502128534652,0.504632445981434,1066.0999755859375,0.0004316288157137,1,1,0.799281472
MU,next5m_range_direction,2026-09-29T11:49:31-04:00,1066.0999755859375,0.0015768105792118,0.4854676239870896,1065.510009765625,-0.0005533869560293,1,1,0.773704464896
MU,next5m_range_direction,2026-09-29T11:54:31-04:00,1065.510009765625,0.001453009497923,0.5106278214617552,1067.6400146484375,0.001999047276225,0,1,0.826316368508928
MU,next5m_range_direction,2026-09-29T11:59:34-04:00,1067.6400146484375,0.0015144475943838,0.4986127687773673,1068.6600341796875,0.0009553964981219,1,0,0.7998742447166423
MU,next5m_range_direction,2026-09-29T12:04:35-04:00,1068.6600341796875,0.0017289222131014,0.5059498543936031,1071.405029296875,0.0025686327076828,0,1,0.854265693357374
MU,next5m_range_direction,2026-09-29T12:09:32-04:00,1071.405029296875,0.0018260971406233,0.4847749253539529,1069.074951171875,-0.0021747873691886,0,1,0.9123557605056756
MU,next5m_range_direction,2026-09-29T12:14:31-04:00,1069.074951171875,0.0019560159257353,0.5155203770641785,1068.800048828125,-0.0002571403842627,1,0,0.8831603761694938
MU,next5m_range_direction,2026-09-29T12:19:26-04:00,1068.800048828125,0.0018689829426276,0.49692636973972,1069.955078125,0.0010806785592323,1,0,0.85489924413207
MU,next5m_range_direction,2026-09-29T12:24:33-04:00,1069.955078125,0.0015847515430013,0.4844127599959058,1070.4449462890625,0.000457839935599,1,0,0.8275424683198437
MU,next5m_range_direction,2026-09-29T12:29:37-04:00,1070.4449462890625,0.0014399970759911,0.4917331581322807,1069.6600341796875,-0.000733257802838,1,1,0.8010611093336086
MU,next5m_range_direction,2026-09-29T12:34:39-04:00,1069.6600341796875,0.0013793252314073,0.5098480392342724,1068.280029296875,-0.0012901340974852,1,0,0.7754271538349331
MU,next5m_range_direction,2026-09-29T12:39:35-04:00,1068.280029296875,0.0013718391742773,0.5055885574081779,1065.322021484375,-0.0027689442200345,0,0,0.8281562002957086
MU,next5m_range_direction,2026-09-29T12:44:37-04:00,1065.322021484375,0.0014951843693856,0.5126421884547996,1068.52001953125,0.003001907387983,0,1,0.8844708219158168
MU,next5m_range_direction,2026-09-29T12:49:39-04:00,1068.52001953125,0.0016824038492886,0.4673133052461545,1066.6949462890625,-0.001708038416527,0,1,0.9446148378060923
MU,next5m_range_direction,2026-09-29T12:54:39-04:00,1066.6949462890625,0.0018191331026484,0.5042275926938209,1068.358642578125,0.0015596739206933,1,1,0.9143871629962976
MU,next5m_range_direction,2026-09-29T12:59:40-04:00,1068.358642578125,0.0018231060739008,0.4923162207667159,1069.8599853515625,0.0014052797568189,1,0,0.8851267737804159
MU,next5m_range_direction,2026-09-29T13:04:42-04:00,1069.8599853515625,0.0017924908264056,0.4878606574488548,1070.60498046875,0.0006963482393844,1,0,0.8568027170194426
MU,next5m_range_direction,2026-09-29T13:09:38-04:00,1070.60498046875,0.0016059948149389,0.5000305188775067,1071.739990234375,0.0010601573748778,1,1,0.8293850300748203
MU,next5m_range_direction,2026-09-29T13:14:40-04:00,1071.739990234375,0.0014250733959087,0.4945457615845876,1070.5849609375,-0.0010777140980083,1,1,0.8028447091124261
MU,next5m_range_direction,2026-09-29T13:19:42-04:00,1070.5849609375,0.0014164950818503,0.5043454020186477,1071.280029296875,0.000649241662022,1,1,0.7771536784208285
MU,next5m_range_direction,2026-09-29T13:24:43-04:00,1071.280029296875,0.0013716064272578,0.4913244021906016,1072.0799560546875,0.0007467018295277,1,0,0.752284760711362
MU,next5m_range_direction,2026-09-29T13:29:45-04:00,1072.0799560546875,0.0012958822167709,0.4887879873609664,1070.5799560546875,-0.0013991493745671,0,1,0.8034401244397347
MU,next5m_range_direction,2026-09-29T13:34:44-04:00,1070.5799560546875,0.0012725998385713,0.5048496360045095,1070.0699462890625,-0.0004763864321769,1,0,0.7777300404576631
MU,next5m_range_direction,2026-09-29T13:39:42-04:00,1070.0699462890625,0.0013539472803162,0.4931819522327916,1069.6700439453125,-0.0003737160782216,1,1,0.752842679163018
MU,next5m_range_direction,2026-09-29T13:44:41-04:00,1069.6700439453125,0.0010280826089678,0.492170232413324,1069.14501953125,-0.0004908283793065,1,1,0.7287517134298014
MU,next5m_range_direction,2026-09-29T13:49:46-04:00,1069.14501953125,0.0008241676368337,0.4937420565189623,1068.449951171875,-0.0006501160709514,1,1,0.7054316586000478
MU,next5m_range_direction,2026-09-29T13:54:46-04:00,1068.449951171875,0.0007807088057633,0.5005125748383495,1068.7900390625,0.0003183002537947,1,1,0.6828578455248462
MU,next5m_range_direction,2026-09-29T13:59:49-04:00,1068.7900390625,0.0006802861117242,0.4917865046792089,1070.8900146484375,0.0019648158283542,0,0,0.7292921790205358
MU,next5m_range_direction,2026-09-29T14:04:48-04:00,1070.8900146484375,0.0006688920534369,0.4793119561369204,1070.739990234375,-0.0001400932047271,1,1,0.7059548292918786
MU,next5m_range_direction,2026-09-29T14:09:47-04:00,1070.739990234375,0.0006898893635245,0.4971521105347397,1071.8699951171875,0.0010553494715044,0,0,0.7539597576837264
MU,next5m_range_direction,2026-09-29T14:14:48-04:00,1071.8699951171875,0.0006510799853338,0.4896541336426386,1072.8709716796875,0.0009338600455837,0,0,0.8052290212062198
MU,next5m_range_direction,2026-09-29T14:19:48-04:00,1072.8709716796875,0.000669797457223,0.4870980581446625,1072.5595703125,-0.0002902505291013,1,1,0.7794616925276207
MU,next5m_range_direction,2026-09-29T14:24:49-04:00,1072.5595703125,0.0006853561909772,0.4961283508941476,1072.02001953125,-0.0005030497104163,1,1,0.7545189183667368
MU,next5m_range_direction,2026-09-29T14:29:51-04:00,1072.02001953125,0.0006650602940297,0.4960808750732045,1071.7459716796875,-0.0002556368785746,1,1,0.7303743129790012
MU,next5m_range_direction,2026-09-29T14:34:52-04:00,1071.7459716796875,0.0005382134017589,0.489402827430653,1071.35498046875,-0.0003648170567179,1,1,0.7070023349636732
MU,next5m_range_direction,2026-09-29T14:39:47-04:00,1071.35498046875,0.0005228302750751,0.4889263610241001,1071.7349853515625,0.0003546955861877,1,0,0.6843782602448356
MU,next5m_range_direction,2026-09-29T14:44:50-04:00,1071.7349853515625,0.0004723345643213,0.4843509665154519,1070.9697265625,-0.0007140373315437,0,1,0.7309159819414844
MU,next5m_range_direction,2026-09-29T14:49:52-04:00,1070.9697265625,0.000487343908179,0.4939240659578883,1071.18994140625,0.0002056219128216,1,0,0.7075266705193569
MU,next5m_range_direction,2026-09-29T14:54:53-04:00,1071.18994140625,0.0004631908737668,0.4843710437725729,1072.219970703125,0.0009615748403339,0,0,0.7556384841146733
MU,next5m_range_direction,2026-09-29T14:59:54-04:00,1072.219970703125,0.0004613931940742,0.4823430220501129,1071.6600341796875,-0.0005222216884006,0,1,0.8070219010344711
MU,next5m_range_direction,2026-09-29T15:04:46-04:00,1071.6600341796875,0.0003967209319453,0.4934892196306397,1072.3399658203125,0.0006344657997303,0,0,0.8618993903048152
MU,next5m_range_direction,2026-09-29T15:09:53-04:00,1072.3399658203125,0.0004127193924958,0.4866403860057688,1070.9761962890625,-0.001271769750936,0,1,0.9205085488455428
MU,next5m_range_direction,2026-09-29T15:14:55-04:00,1070.9761962890625,0.0004764498226359,0.4973690765744928,1070.699951171875,-0.0002579376816633,1,1,0.8910522752824853
MU,next5m_range_direction,2026-09-29T15:19:56-04:00,1070.699951171875,0.0004726524730209,0.4825673012090327,1071.029052734375,0.0003073704842704,1,0,0.8625386024734457
MU,next5m_range_direction,2026-09-29T15:24:57-04:00,1071.029052734375,0.0004721945613249,0.4773172098781908,1070.027587890625,-0.0009350491858211,0,1,0.92119122744164
MU,next5m_range_direction,2026-09-29T15:29:58-04:00,1070.027587890625,0.0005294388051478,0.4977945098090582,1070.423583984375,0.0003700802654356,1,0,0.8917131081635076
MU,next5m_range_direction,2026-09-29T15:35:01-04:00,1070.423583984375,0.0005853241940291,0.4765336562799426,1067.449951171875,-0.0027779963530244,0,1,0.9523495995186262
MU,next5m_range_direction,2026-09-29T15:39:57-04:00,1067.449951171875,0.000921472251074,0.5108431834456428,1065.8699951171875,-0.0014801219045005,0,0,1.0171093722858928
MU,next5m_range_direction,2026-09-29T15:44:59-04:00,1065.8699951171875,0.0010243874857971,0.4935491244262862,1065.449951171875,-0.0003940855331669,1,1,0.9845618723727442
MU,next5m_range_direction,2026-09-29T15:49:00-04:00,1065.449951171875,0.0010974489073788,0.4759937088022347,1068.8900146484375,0.0032287424414247,0,0,1.0515120796940909
MU,next5m_range_direction,2026-09-29T15:54:00-04:00,1068.8900146484375,0.0014737861131106,0.4501416557773136,1064.5999755859375,-0.0040135458313838,0,1,1.123014901113289
